{
    "weights": {
        "math": 0.25028769010605456,
        "astronomy": 0.2783032717731056,
        "programming": 0.83780880773362,
        "informatics": 1.0,
        "psyhology": 0.12079135059596598,
        "linguistics": 0.03728128104813765,
        "economy": 0.011577926616373775,
        "geography": 0.07974116504186818,
        "biology": 0.12079135059596598,
        "anatomy": 0.12079135059596598,
        "religious studies": 0.12079135059596598,
        "political science": 0.12079135059596598,
        "chemistry": 0.12079135059596598,
        "business": 0.12079135059596598,
        "engineering": 0.12079135059596598
    }
}