{
    "weights": {
        "math": 0.8169934640522875,
        "informatics": 0.5147058823529415,
        "programming": 1.0,
        "psychology": 0.030637254901960797
    }
}